ID,Resume_str,Resume_html,Category
16852973,"         HR ADMINISTRATOR/MARKETING ASSOCIATE

HR ADMINISTRATOR       Summary     Dedicated Customer Service Manager with 15+ years of experience in Hospitality and Customer Service Management.   Respected builder and leader of customer-focused teams; strives to instill a shared, enthusiastic commitment to customer service.         Highlights         Focused on customer satisfaction  Team management  Marketing savvy  Conflict resolution techniques     Training and development  Skilled multi-tasker  Client relations specialist  

HR Administrator     Dec 2013   to   Current      Company Name   －   City  ,   State     Helps to develop policies, directs and coordinates activities such as employment, compensation, labor relations, benefits, training, and employee services.  Prepares employee separation notices and related documentation  Keeps records of benefits plans participation such as insurance and pension plan, personnel transactions such as hires, promotions, transfers, performance reviews, and terminations.","<div class=""section"" id=""SECTION_NAME500375979"" style=""padding-top:0px;""> <div class=""paragraph PARAGRAPH_NAME firstparagraph"" id=""PARAGRAPH_500375979_1_326506904"" style=""padding-top:0px;""> <div class=""name"" itemprop=""name""> <span class=""field fName"" id=""500375979FNAM1""> </span> <span> </span> <span class=""field"" id=""500375979LNAM1""> HR ADMINISTRATOR/MARKETING ASSOCIATE</span> </div> </div> </div>","HR"
22323967,"         HR SPECIALIST, US HR OPERATIONS       Summary     Versatile  media professional with background in Communications, Marketing, Human Resources and Technology.         Experience     09/2015   to   Current     HR Specialist, US HR Operations    Company Name   －   City  ,   State       Managed communication regarding launch of Operations group, policy changes and system outages      Designed standard work and job aids to create comprehensive training program for new hires","<div class=""section"" id=""SECTION_SUMM500375981"" style=""padding-top:0px;""> <div class=""heading bottomborder""> <div class=""sectiontitle"" id=""SECTNAME_SUMM500375981""> Summary</div> </div> <div class=""paragraph firstparagraph"" id=""PARAGRAPH_500375981_1_326506917"" style=""padding-top:0px;""> <div class=""field singlecolumn"" id=""500375981FRFM1""> <p align=""LEFT""> Versatile media professional with background in Communications, Marketing, Human Resources and Technology. </p> </div> </div> </div>","HR"
33445678,"SOFTWARE ENGINEER

Summary
Experienced software engineer with 8+ years developing scalable web applications and distributed systems. Expert in Python, JavaScript, and cloud technologies. Strong background in machine learning and data engineering.

Technical Skills
• Programming Languages: Python, JavaScript, Java, Go, SQL
• Frameworks: Django, React, Node.js, Flask, FastAPI
• Cloud Platforms: AWS, Google Cloud, Azure
• Databases: PostgreSQL, MongoDB, Redis, Elasticsearch
• Tools: Docker, Kubernetes, Git, Jenkins, Terraform

Experience
Senior Software Engineer     Jan 2020 to Current
TechCorp Inc. - San Francisco, CA
• Led development of microservices architecture serving 1M+ daily users
• Implemented machine learning models for recommendation systems
• Reduced system latency by 40% through optimization and caching strategies
• Mentored junior developers and conducted code reviews

Software Engineer     Jun 2018 to Dec 2019
StartupXYZ - Mountain View, CA
• Built full-stack web applications using React and Python
• Designed and implemented RESTful APIs and GraphQL endpoints
• Integrated with third-party services and payment processors
• Collaborated with product team to deliver features on tight deadlines","<div class=""section"" id=""SECTION_NAME500375979"" style=""padding-top:0px;""> <div class=""paragraph PARAGRAPH_NAME firstparagraph"" id=""PARAGRAPH_500375979_1_326506904"" style=""padding-top:0px;""> <div class=""name"" itemprop=""name""> <span class=""field fName"" id=""500375979FNAM1"">SOFTWARE ENGINEER</span> </div> </div> </div>","ENGINEERING"
44556789,"DATA SCIENTIST

Professional Summary
Results-driven data scientist with 6+ years of experience in machine learning, statistical analysis, and big data processing. Proven track record of delivering actionable insights that drive business decisions.

Core Competencies
• Machine Learning: Scikit-learn, TensorFlow, PyTorch, XGBoost
• Programming: Python, R, SQL, Scala, Java
• Big Data: Spark, Hadoop, Kafka, Airflow
• Visualization: Tableau, Power BI, Matplotlib, Seaborn
• Statistics: A/B Testing, Hypothesis Testing, Regression Analysis

Professional Experience
Senior Data Scientist     Mar 2021 to Present
DataCorp Analytics - Boston, MA
• Developed predictive models that improved customer retention by 25%
• Built real-time recommendation systems using collaborative filtering
• Implemented automated data pipelines processing 10TB+ daily
• Led cross-functional team of 5 data scientists and engineers

Data Scientist     Aug 2019 to Feb 2021
FinTech Solutions - New York, NY
• Created fraud detection models with 95% accuracy
• Performed customer segmentation analysis for targeted marketing
• Designed A/B testing frameworks for product optimization
• Collaborated with engineering team to deploy models in production","<div class=""section"" id=""SECTION_SUMM500375981"" style=""padding-top:0px;""> <div class=""heading bottomborder""> <div class=""sectiontitle"" id=""SECTNAME_SUMM500375981""> Professional Summary</div> </div> <div class=""paragraph firstparagraph"" id=""PARAGRAPH_500375981_1_326506917"" style=""padding-top:0px;""> <div class=""field singlecolumn"" id=""500375981FRFM1""> <p align=""LEFT"">Results-driven data scientist with 6+ years of experience in machine learning, statistical analysis, and big data processing.</p> </div> </div> </div>","INFORMATION-TECHNOLOGY"
55667890,"MARKETING MANAGER

Executive Summary
Dynamic marketing professional with 10+ years of experience driving brand growth and customer acquisition across digital and traditional channels. Expertise in campaign management, content strategy, and marketing analytics.

Key Skills
• Digital Marketing: SEO/SEM, Social Media, Email Marketing, PPC
• Analytics: Google Analytics, Adobe Analytics, Salesforce, HubSpot
• Content: Content Strategy, Copywriting, Brand Management
• Project Management: Agile, Scrum, Cross-functional collaboration
• Leadership: Team building, mentoring, strategic planning

Professional Experience
Marketing Manager     May 2020 to Current
GrowthCo Marketing - Los Angeles, CA
• Increased brand awareness by 45% through integrated marketing campaigns
• Managed $2M annual marketing budget across multiple channels
• Led team of 8 marketing specialists and creative professionals
• Implemented marketing automation that improved lead conversion by 30%

Digital Marketing Specialist     Jan 2018 to Apr 2020
BrandBoost Agency - San Diego, CA
• Developed and executed social media strategies for B2B clients
• Created content calendars and managed multi-platform campaigns
• Analyzed campaign performance and provided optimization recommendations
• Collaborated with design team to create compelling visual content","<div class=""section"" id=""SECTION_EXPR500375983"" style=""padding-top:0px;""> <div class=""heading bottomborder""> <div class=""sectiontitle"" id=""SECTNAME_EXPR500375983""> Professional Experience</div> </div> <div class=""paragraph firstparagraph"" id=""PARAGRAPH_500375983_1_326506906"" itemscope="""" itemtype=""https://schema.org/Organization"" style=""padding-top:0px;""> <div class=""singlecolumn""> <span class=""paddedline""> <span class=""jobtitle"" id=""500375983JTIT1"">Marketing Manager</span> </div> </div> </div>","MARKETING"
66778901,"PRODUCT MANAGER

Professional Overview
Strategic product manager with 7+ years of experience leading cross-functional teams to deliver innovative digital products. Strong background in user research, data analysis, and agile methodologies.

Technical Proficiencies
• Product Strategy: Roadmap planning, competitive analysis, market research
• Analytics: SQL, Python, Tableau, Mixpanel, Amplitude
• Design: User experience, wireframing, prototyping, Figma
• Development: Agile, Scrum, JIRA, GitHub, API design
• Leadership: Stakeholder management, team coordination, strategic communication

Work Experience
Senior Product Manager     Jul 2021 to Present
InnovateApp Inc. - Seattle, WA
• Led product development for mobile app with 500K+ active users
• Increased user engagement by 35% through data-driven feature optimization
• Coordinated with engineering, design, and marketing teams
• Managed product backlog and sprint planning for development team

Product Manager     Sep 2019 to Jun 2021
TechStart Solutions - Portland, OR
• Launched 3 major product features that increased revenue by 20%
• Conducted user interviews and usability testing to inform product decisions
• Created detailed product requirements and technical specifications
• Collaborated with sales team to develop go-to-market strategies","<div class=""section"" id=""SECTION_EDUC500400498"" style=""padding-top:0px;""> <div class=""heading bottomborder""> <div class=""sectiontitle"" id=""SECTNAME_EDUC500400498""> Work Experience</div> </div> <div class=""paragraph firstparagraph"" id=""PARAGRAPH_500400498_1_326523310"" itemscope="""" itemtype=""https://schema.org/EducationalOrganization"" style=""padding-top:0px;""> <div class=""singlecolumn""> <span class=""paddedline"" itemprop=""description""> <span class=""degree"" id=""500400498DGRE1"" itemprop=""name"">Senior Product Manager</span> </div> </div> </div>","BUSINESS-DEVELOPMENT"
77889012,"FINANCIAL ANALYST

Professional Summary
Detail-oriented financial analyst with 5+ years of experience in financial modeling, budgeting, and investment analysis. Strong analytical skills with expertise in Excel, SQL, and financial software.

Core Skills
• Financial Modeling: DCF, LBO, Comparable Analysis, Sensitivity Analysis
• Software: Excel (Advanced), SQL, Python, R, Bloomberg Terminal
• Analysis: Variance analysis, trend analysis, ratio analysis
• Reporting: Financial statements, dashboards, executive presentations
• Industry Knowledge: Corporate finance, investment banking, equity research

Professional Experience
Senior Financial Analyst     Jun 2022 to Present
InvestmentFirm LLC - Chicago, IL
• Built complex financial models for M&A transactions valued at $500M+
• Performed due diligence analysis for potential investment opportunities
• Created automated reporting dashboards reducing manual work by 60%
• Presented findings to senior management and external stakeholders

Financial Analyst     Jan 2020 to May 2022
CorporateFinance Group - New York, NY
• Analyzed financial performance of portfolio companies
• Prepared monthly and quarterly financial reports for executive team
• Supported budgeting and forecasting processes across business units
• Identified cost reduction opportunities saving company $2M annually","<div class=""section"" id=""SECTION_SKLL500375994"" style=""padding-top:0px;""> <div class=""heading bottomborder""> <div class=""sectiontitle"" id=""SECTNAME_SKLL500375994""> Core Skills</div> </div> <div class=""paragraph firstparagraph"" id=""PARAGRAPH_500375994_1_326506918"" style=""padding-top:0px;""> <div class=""field singlecolumn"" id=""500375994FRFM1""> <p align=""LEFT"">Financial Modeling: DCF, LBO, Comparable Analysis, Sensitivity Analysis</p> </div> </div> </div>","FINANCE"
88990123,"UX/UI DESIGNER

Creative Profile
Passionate UX/UI designer with 6+ years of experience creating user-centered digital experiences. Expertise in design thinking, prototyping, and user research methodologies.

Design Skills
• Design Tools: Figma, Sketch, Adobe Creative Suite, InVision, Principle
• Research: User interviews, usability testing, persona development
• Prototyping: Interactive prototypes, wireframing, user flows
• Development: HTML/CSS, JavaScript basics, design systems
• Collaboration: Design sprints, stakeholder workshops, cross-functional teams

Professional Experience
Senior UX Designer     Apr 2021 to Current
DesignStudio Pro - San Francisco, CA
• Led design for mobile app redesign that increased user satisfaction by 40%
• Conducted user research with 200+ participants to inform design decisions
• Created comprehensive design system used across 5 product teams
• Collaborated with product and engineering teams in agile environment

UX/UI Designer     Aug 2019 to Mar 2021
CreativeAgency Inc. - Austin, TX
• Designed user interfaces for web and mobile applications
• Created wireframes, prototypes, and high-fidelity mockups
• Performed usability testing and iterative design improvements
• Worked with clients to understand business requirements and user needs","<div class=""section"" id=""SECTION_ACCM500375993"" style=""padding-top:0px;""> <div class=""heading bottomborder""> <div class=""sectiontitle"" id=""SECTNAME_ACCM500375993""> Design Skills</div> </div> <div class=""paragraph firstparagraph"" id=""PARAGRAPH_500375993_1_326506914"" style=""padding-top:0px;""> <div class=""field singlecolumn"" id=""500375993FRFM1""> <ul> <li>Design Tools: Figma, Sketch, Adobe Creative Suite</li> <li>Research: User interviews, usability testing</li> </ul> </div> </div> </div>","DESIGNER"
99001234,"SALES MANAGER

Executive Summary
Results-driven sales manager with 12+ years of experience leading high-performing sales teams. Proven track record of exceeding revenue targets and developing strategic client relationships.

Key Competencies
• Sales Strategy: Territory planning, pipeline management, forecasting
• Leadership: Team development, coaching, performance management
• CRM: Salesforce, HubSpot, Pipedrive, sales analytics
• Communication: Presentation skills, negotiation, relationship building
• Industry Expertise: B2B sales, enterprise accounts, solution selling

Professional Experience
Regional Sales Manager     Jan 2021 to Present
SalesForce Solutions - Denver, CO
• Exceeded annual revenue targets by 25% for three consecutive years
• Managed team of 12 sales representatives across western region
• Developed key account relationships generating $5M+ in annual revenue
• Implemented new sales processes that improved team efficiency by 30%

Sales Manager     Mar 2018 to Dec 2020
TechSales Corp - Phoenix, AZ
• Led sales team that achieved 115% of quota in competitive market
• Recruited, trained, and onboarded 8 new sales representatives
• Created sales training materials and best practices documentation
• Collaborated with marketing team to generate qualified leads","<div class=""section"" id=""SECTION_HILT500375982"" style=""padding-top:0px;""> <div class=""heading bottomborder""> <div class=""sectiontitle"" id=""SECTNAME_HILT500375982""> Key Competencies</div> </div> <div class=""paragraph firstparagraph"" id=""PARAGRAPH_500375982_1_326509244"" style=""padding-top:0px;""> <div class=""singlecolumn maincolumn""> <table class=""twocol""> <tbody> <tr> <td class=""field twocol_1"" id=""500375982SKC11""> <p align=""CENTER"">Sales Strategy</p> <p align=""CENTER"">Leadership</p> </td> </tr> </tbody> </table> </div> </div> </div>","SALES"
10012345,"OPERATIONS MANAGER

Professional Summary
Experienced operations manager with 9+ years of expertise in process optimization, supply chain management, and team leadership. Strong background in lean manufacturing and continuous improvement methodologies.

Operational Skills
• Process Improvement: Lean Six Sigma, Kaizen, workflow optimization
• Supply Chain: Vendor management, procurement, inventory control
• Analytics: Data analysis, KPI development, performance metrics
• Leadership: Team management, training, change management
• Technology: ERP systems, project management software, automation tools

Career History
Operations Manager     Sep 2020 to Present
ManufacturingCorp Ltd. - Detroit, MI
• Improved operational efficiency by 35% through process redesign initiatives
• Managed cross-functional team of 25+ employees across multiple departments
• Reduced operational costs by $1.2M annually through vendor negotiations
• Implemented quality control systems that decreased defect rates by 20%

Assistant Operations Manager     Feb 2018 to Aug 2020
LogisticsSolutions Inc. - Columbus, OH
• Coordinated daily operations for distribution center handling 1000+ shipments
• Developed standard operating procedures for warehouse operations
• Led continuous improvement projects resulting in 15% productivity increase
• Trained and supervised team of 15 warehouse associates","<div class=""section"" id=""SECTION_SUMM500375981"" style=""padding-top:0px;""> <div class=""heading bottomborder""> <div class=""sectiontitle"" id=""SECTNAME_SUMM500375981""> Operational Skills</div> </div> <div class=""paragraph firstparagraph"" id=""PARAGRAPH_500375981_1_326506917"" style=""padding-top:0px;""> <div class=""field singlecolumn"" id=""500375981FRFM1""> <p align=""LEFT"">Process Improvement: Lean Six Sigma, Kaizen, workflow optimization</p> </div> </div> </div>","OPERATIONS"
